,mass_A
t,x
0.0000000000000000,0.0761686100000000
0.0481333300000000,0.0841400900000000
0.0960666700000000,0.0838002400000000
0.1439333000000000,0.0776304500000000
0.2079333000000000,0.0626116700000000
0.2560333000000000,0.0429541300000000
0.3040667000000000,0.0212606100000000
0.3521000000000000,-0.0024325320000000
0.3999667000000000,-0.0257746300000000
0.4479000000000000,-0.0473044700000000
0.4959333000000000,-0.0682195600000000
0.5600333000000000,-0.0843460500000000
0.6080000000000000,-0.0783675200000000
0.6559333000000000,-0.0859180400000000
0.7040333000000000,-0.0776386700000000
0.7521000000000000,-0.0670008500000000
0.8000333000000000,-0.0527310900000000
0.8480333000000000,-0.0301177200000000
0.8960667000000000,-0.0075762200000000
0.9599000000000000,0.0160742900000000
1.0079670000000000,0.0388213300000000
1.0560330000000000,0.0585992100000000
1.1040000000000000,0.0740924800000000
1.1519670000000000,0.0848404500000000
1.2000330000000000,0.0788257700000000
1.2480670000000000,0.0748400300000000
1.3119670000000000,0.0619462100000000
1.3601330000000000,0.0489664700000000
1.4079330000000000,0.0306709300000000
1.4560330000000000,0.0108537900000000
1.5039330000000000,-0.0125399000000000
1.5520330000000000,-0.0340478700000000
1.6000330000000000,-0.0544856400000000
1.6481000000000000,-0.0753723400000000
1.7120330000000000,-0.0874893500000000
1.7600670000000000,-0.0832608800000000
1.8080330000000000,-0.0830628300000000
1.8560670000000000,-0.0789163900000000
1.9039000000000000,-0.0624278200000000
1.9519330000000000,-0.0447320900000000
1.9999330000000000,-0.0255631900000000
2.0480000000000000,-0.0031551970000000
2.1119330000000000,0.0198634600000000
2.1600000000000000,0.0423756600000000
2.2079000000000000,0.0591064700000000
2.2561000000000000,0.0737317000000000
2.3039330000000000,0.0823181300000000
2.3520000000000000,0.0788257700000000
2.3999000000000000,0.0746747900000000
2.4641000000000000,0.0622709600000000
2.5121000000000000,0.0541934500000000
2.5600670000000000,0.0282346800000000
2.6079000000000000,0.0057539200000000
2.6560330000000000,-0.0166556000000000
2.7039000000000000,-0.0388416800000000
2.7520330000000000,-0.0585326600000000
2.7999330000000000,-0.0663064100000000
2.8640670000000000,-0.0742721800000000
2.9119000000000000,-0.0832608800000000
2.9600330000000000,-0.0820406800000000
3.0080000000000000,-0.0686465100000000
3.0559330000000000,-0.0575876800000000
3.1040000000000000,-0.0401321000000000
3.1520000000000000,-0.0195371200000000
3.1999330000000000,0.0024455490000000
3.2640670000000000,0.0252618400000000
3.3120670000000000,0.0446167900000000
3.3599670000000000,0.0600811500000000
3.4079000000000000,0.0735114500000000
3.4559330000000000,0.0790785000000000
3.5040000000000000,0.0782700300000000
3.5519670000000000,0.0703856300000000
3.6159000000000000,0.0572157400000000
3.6641000000000000,0.0402682400000000
3.7121000000000000,0.0192830700000000
3.7599330000000000,-0.0013001390000000
3.8080000000000000,-0.0228537600000000
3.8559000000000000,-0.0419013900000000
3.9040000000000000,-0.0606841400000000
3.9519330000000000,-0.0718215200000000
4.0159000000000000,-0.0764128100000000
4.0641000000000000,-0.0776919000000000
4.1120670000000000,-0.0742778300000000
4.1600330000000000,-0.0655729500000000
4.2079330000000000,-0.0504054100000000
4.2559000000000000,-0.0318218200000000
4.3039000000000000,-0.0104543900000000
4.3679000000000000,0.0115740900000000
4.4160000000000000,0.0326963600000000
4.4640000000000000,0.0511343100000000
4.5120330000000000,0.0670904900000000
4.5600330000000000,0.0768030000000000
4.6080000000000000,0.0797667300000000
4.6560000000000000,0.0759602800000000
4.7040000000000000,0.0661906700000000
4.7680000000000000,0.0504633700000000
4.8159670000000000,0.0333265700000000
4.8641330000000000,0.0115038800000000
4.9120670000000000,-0.0090791040000000
4.9600670000000000,-0.0318206000000000
5.0079330000000000,-0.0494988900000000
5.0560330000000000,-0.0633642600000000
5.1040000000000000,-0.0724102600000000
5.1679000000000000,-0.0769391600000000
5.2160330000000000,-0.0767158600000000
5.2640330000000000,-0.0678810500000000
5.3121000000000000,-0.0573839300000000
5.3600670000000000,-0.0422016000000000
5.4080330000000000,-0.0232048100000000
5.4559330000000000,-0.0017360760000000
5.5200000000000000,0.0196478200000000
5.5680000000000000,0.0391039900000000
5.6160670000000000,0.0574971900000000
5.6640670000000000,0.0680914600000000
5.7120670000000000,0.0746492900000000
5.7600330000000000,0.0749808700000000
5.8079330000000000,0.0704756800000000
5.8560670000000000,0.0607994800000000
5.9199670000000000,0.0438199500000000
5.9679670000000000,0.0255883400000000
6.0161000000000000,0.0051585800000000
6.0640000000000000,-0.0153222100000000
6.1119000000000000,-0.0342824900000000
6.1599330000000000,-0.0535435200000000
6.2080000000000000,-0.0658488100000000
6.2720670000000000,-0.0723162600000000
6.3200670000000000,-0.0752126700000000
6.3679330000000000,-0.0722103300000000
6.4160000000000000,-0.0649773700000000
6.4640330000000000,-0.0522515700000000
6.5121000000000000,-0.0350920900000000
6.5599670000000000,-0.0153423100000000
6.6079670000000000,0.0055799350000000
6.6719330000000000,0.0260569600000000
6.7199000000000000,0.0443948200000000
6.7680000000000000,0.0603695500000000
6.8160000000000000,0.0694715800000000
6.8641000000000000,0.0758268300000000
6.9119670000000000,0.0745144200000000
6.9600000000000000,0.0662906100000000
7.0079000000000000,0.0530086700000000
7.0720670000000000,0.0368373200000000
7.1200330000000000,0.0175393400000000
7.1679670000000000,-0.0027301410000000
7.2159000000000000,-0.0222501600000000
7.2640330000000000,-0.0431115400000000
7.3120000000000000,-0.0576910900000000
7.3600000000000000,-0.0674223600000000
7.4240330000000000,-0.0726130000000000
7.4719330000000000,-0.0728436000000000
7.5199670000000000,-0.0694257500000000
7.5680000000000000,-0.0608299900000000
7.6159670000000000,-0.0462136400000000
7.6640000000000000,-0.0279929400000000
7.7121000000000000,-0.0083545880000000
7.7600670000000000,0.0126741600000000
7.8240670000000000,0.0321048700000000
7.8720670000000000,0.0490860000000000
7.9200670000000000,0.0628936700000000
7.9679670000000000,0.0696523100000000
8.0159000000000000,0.0741087000000000
8.0639670000000000,0.0682882000000000
8.1119330000000000,0.0607034000000000
8.1760670000000000,0.0453088700000000
8.2240670000000000,0.0276464900000000
8.2720670000000000,0.0086796090000000
8.3200670000000000,-0.0120492800000000
8.3680000000000000,-0.0316521100000000
8.4159000000000000,-0.0479451600000000
8.4641000000000000,-0.0601832300000000
8.5120330000000000,-0.0681310400000000
8.5760000000000000,-0.0717670300000000
8.6240670000000000,-0.0711380000000000
8.6720330000000000,-0.0651497800000000
8.7200000000000000,-0.0539808700000000
8.7679330000000000,-0.0385900100000000
8.8159000000000000,-0.0197477800000000
8.8639000000000000,0.0000309908600000
8.9119330000000000,0.0202538000000000
8.9760330000000000,0.0379322800000000
9.0239670000000000,0.0547233500000000
9.0719000000000000,0.0662582100000000
9.1200000000000000,0.0717322500000000
9.1680330000000000,0.0687986700000000
9.2159670000000000,0.0656773500000000
9.3280330000000000,0.0389684000000000
9.3760330000000000,0.0206785400000000
9.4239330000000000,0.0006107087000000
9.4720330000000000,-0.0191465300000000
9.5200670000000000,-0.0364969400000000
9.5680000000000000,-0.0500719100000000
9.6159000000000000,-0.0605683000000000
9.6639670000000000,-0.0696283100000000
9.7280000000000000,-0.0707798200000000
9.7760330000000000,-0.0689014500000000
9.8239000000000000,-0.0615608500000000
9.8720000000000000,-0.0448565900000000
9.9200000000000000,-0.0291705000000000
9.9679000000000000,-0.0108155300000000
10.0159300000000000,0.0092888310000000
10.0639000000000000,0.0276613400000000
10.1280000000000000,0.0451165900000000
10.1759700000000000,0.0595691600000000
10.2238700000000000,0.0687555700000000
10.2719300000000000,0.0720301700000000
10.3199700000000000,0.0695244600000000
10.3679300000000000,0.0615718700000000
10.4159000000000000,0.0481692600000000
10.4800300000000000,0.0318827500000000
10.5279700000000000,0.0127759200000000
10.5759000000000000,-0.0062460430000000
10.6241000000000000,-0.0251257000000000
10.6720700000000000,-0.0412498500000000
10.7200000000000000,-0.0538282800000000
10.7680300000000000,-0.0622233800000000
10.8159300000000000,-0.0687627300000000
10.8800300000000000,-0.0686455400000000
10.9279300000000000,-0.0602386700000000
10.9759300000000000,-0.0513195300000000
11.0240000000000000,-0.0381486800000000
11.0719300000000000,-0.0213893000000000
11.1199300000000000,-0.0027625330000000
11.1679700000000000,0.0165969400000000
11.2319000000000000,0.0349189600000000
11.2800300000000000,0.0508638400000000
11.3279300000000000,0.0628538500000000
11.3759700000000000,0.0692374900000000
11.4240300000000000,0.0706779500000000
11.4719300000000000,0.0658479700000000
11.5199700000000000,0.0559838100000000
11.5679700000000000,0.0415533000000000
11.6320300000000000,0.0239579400000000
11.6799700000000000,0.0057247230000000
11.7279300000000000,-0.0135248200000000
11.7760000000000000,-0.0308688900000000
11.8241300000000000,-0.0452823600000000
11.8719700000000000,-0.0557774800000000
11.9200300000000000,-0.0619704200000000
11.9680300000000000,-0.0699750900000000
12.0320300000000000,-0.0691702500000000
12.0798700000000000,-0.0628806700000000
12.1279700000000000,-0.0498283700000000
12.1759300000000000,-0.0329973600000000
12.2239300000000000,-0.0154417100000000
12.2720300000000000,0.0033866920000000
12.3200000000000000,0.0219783700000000
12.3839300000000000,0.0384149500000000
12.4320700000000000,0.0522695700000000
12.4800300000000000,0.0632498900000000
12.5280000000000000,0.0684237000000000
12.5760000000000000,0.0671956900000000
12.6239300000000000,0.0603500200000000
12.6719700000000000,0.0485752200000000
12.7200700000000000,0.0329042500000000
12.7839000000000000,0.0154860800000000
12.8320300000000000,-0.0034890220000000
12.8800000000000000,-0.0208467800000000
12.9279000000000000,-0.0377387600000000
12.9759000000000000,-0.0501312000000000
13.0242300000000000,-0.0624954400000000
13.0719700000000000,-0.0675387800000000
13.1359300000000000,-0.0679269700000000
13.1839000000000000,-0.0654618400000000
13.2319700000000000,-0.0572354500000000
13.2800300000000000,-0.0412717400000000
13.3280300000000000,-0.0252252300000000
13.3758700000000000,-0.0076961350000000
13.4240300000000000,0.0102674000000000
13.4719700000000000,0.0280724800000000
13.5359300000000000,0.0407281500000000
13.5839000000000000,0.0530112100000000
13.6319700000000000,0.0644675100000000
13.6799700000000000,0.0669964400000000
13.7280300000000000,0.0637111000000000
13.7759300000000000,0.0548982300000000
13.8238700000000000,0.0421426000000000
13.8719300000000000,0.0254332700000000
13.9359700000000000,0.0081478430000000
13.9838700000000000,-0.0099613490000000
14.0319300000000000,-0.0276100200000000
14.0799700000000000,-0.0414999100000000
14.1280000000000000,-0.0524260400000000
14.1759700000000000,-0.0630789100000000
14.2239300000000000,-0.0667445900000000
14.2879700000000000,-0.0663529200000000
14.3359700000000000,-0.0571836400000000
14.3838700000000000,-0.0471667700000000
14.4320700000000000,-0.0343468400000000
14.4799700000000000,-0.0180133200000000
14.5279300000000000,-0.0007148144000000
14.5759700000000000,0.0180393800000000
14.6239700000000000,0.0336399300000000
14.6879000000000000,0.0451114200000000
14.7360000000000000,0.0591621300000000
14.7839700000000000,0.0649219000000000
14.8320700000000000,0.0652076000000000
14.8800700000000000,0.0599468900000000
14.9279300000000000,0.0492253500000000
14.9760000000000000,0.0347508600000000
15.0399700000000000,0.0191067400000000
15.0879700000000000,0.0007702338000000
15.1359300000000000,-0.0167624300000000
15.1838700000000000,-0.0331099900000000
15.2320300000000000,-0.0458853000000000
15.2800000000000000,-0.0555141800000000
15.3280300000000000,-0.0646655200000000
15.3760000000000000,-0.0656170100000000
15.4399300000000000,-0.0639223900000000
15.4879700000000000,-0.0574374500000000
15.5359000000000000,-0.0414496300000000
15.5839000000000000,-0.0281551700000000
15.6319300000000000,-0.0117215600000000
15.6799700000000000,0.0063093090000000
15.7280000000000000,0.0229120900000000
15.7759000000000000,0.0386923200000000
15.8399300000000000,0.0521554300000000
15.8880300000000000,0.0609348800000000
15.9359300000000000,0.0642626200000000
15.9839000000000000,0.0622837200000000
16.0319000000000000,0.0552088800000000
16.0801000000000000,0.0431085900000000
16.1279700000000000,0.0281309900000000
16.1920300000000000,0.0110544600000000
16.2399300000000000,-0.0060092640000000
16.2879300000000000,-0.0229701700000000
16.3359000000000000,-0.0373118100000000
16.3839700000000000,-0.0484739700000000
16.4320000000000000,-0.0565327800000000
16.4799700000000000,-0.0638948100000000
16.5285000000000000,-0.0638790100000000
16.5919300000000000,-0.0583605900000000
16.6399700000000000,-0.0477766300000000
16.6879700000000000,-0.0356269000000000
16.7360300000000000,-0.0211690300000000
16.7838700000000000,-0.0042712940000000
16.8319000000000000,0.0129795000000000
16.8798700000000000,0.0293671900000000
16.9279700000000000,0.0424054100000000
16.9920000000000000,0.0547705500000000
17.0398700000000000,0.0618104000000000
17.0879700000000000,0.0630876000000000
17.1359000000000000,0.0589190900000000
17.1839300000000000,0.0499528100000000
17.2319000000000000,0.0372406200000000
17.2799000000000000,0.0217452100000000
17.3440000000000000,0.0053115210000000
17.3919000000000000,-0.0121640500000000
17.4400000000000000,-0.0279648500000000
17.4879700000000000,-0.0408842500000000
17.5359300000000000,-0.0509149600000000
17.5839700000000000,-0.0606262300000000
17.6320000000000000,-0.0629246500000000
17.6800300000000000,-0.0613287000000000
17.7438700000000000,-0.0515061900000000
17.7919300000000000,-0.0418776400000000
17.8399700000000000,-0.0292028900000000
17.8879700000000000,-0.0141881400000000
17.9359700000000000,0.0028217870000000
17.9838700000000000,0.0195308100000000
18.0318700000000000,0.0350617100000000
18.0958700000000000,0.0478431100000000
18.1440300000000000,0.0570197900000000
18.1919000000000000,0.0600687900000000
18.2399700000000000,0.0603513900000000
18.2879700000000000,0.0545936700000000
18.3360000000000000,0.0432030900000000
18.3839700000000000,0.0300091100000000
18.4318700000000000,0.0144697800000000
18.4958700000000000,-0.0023618080000000
18.5440300000000000,-0.0188499800000000
18.5919300000000000,-0.0333425800000000
18.6399300000000000,-0.0444077400000000
18.6880000000000000,-0.0529879100000000
18.7359700000000000,-0.0607430100000000
18.7839300000000000,-0.0610303500000000
18.8319700000000000,-0.0572152200000000
18.8960000000000000,-0.0475284000000000
18.9440300000000000,-0.0368149300000000
18.9920700000000000,-0.0226419400000000
19.0398700000000000,-0.0071462580000000
19.0879700000000000,0.0090986490000000
19.1358700000000000,0.0250654100000000
19.1839000000000000,0.0391057600000000
19.2479000000000000,0.0476923500000000
19.2959700000000000,0.0558859800000000
19.3440700000000000,0.0581046200000000
19.3920300000000000,0.0561380000000000
19.4399700000000000,0.0476904200000000
19.4879700000000000,0.0369528700000000
19.5358700000000000,0.0230582100000000
19.5839000000000000,0.0069026250000000
19.6480300000000000,-0.0091470370000000
19.6960300000000000,-0.0250795000000000
19.7440000000000000,-0.0381787100000000
19.7920300000000000,-0.0488583000000000
19.8399300000000000,-0.0577366500000000
19.8880700000000000,-0.0605567100000000
19.9359300000000000,-0.0602593000000000
19.9998700000000000,-0.0513440400000000
20.0479300000000000,-0.0428536700000000
20.0960000000000000,-0.0308073000000000
20.1440300000000000,-0.0161364300000000
20.1919000000000000,-0.0003470472000000
20.2399300000000000,0.0159249700000000
20.2879000000000000,0.0312392000000000
20.3359700000000000,0.0433778600000000
20.3999000000000000,0.0526838200000000
20.4480000000000000,0.0564292700000000
20.4960000000000000,0.0561990600000000
20.5440300000000000,0.0523975600000000
20.5920700000000000,0.0432381700000000
20.6399300000000000,0.0303655000000000
20.6879700000000000,0.0156505800000000
20.7358700000000000,-0.0002464578000000
20.7999000000000000,-0.0161223600000000
20.8479000000000000,-0.0299754300000000
20.8958700000000000,-0.0416885600000000
20.9440700000000000,-0.0505131400000000
20.9920000000000000,-0.0584700400000000
21.0399300000000000,-0.0595638800000000
21.0880700000000000,-0.0580333300000000
21.1520000000000000,-0.0515340700000000
21.1998700000000000,-0.0375324100000000
21.2479700000000000,-0.0248493000000000
21.2959300000000000,-0.0099705590000000
21.3440300000000000,0.0060436250000000
21.3919300000000000,0.0210818200000000
21.4399000000000000,0.0353686100000000
21.4879300000000000,0.0442885300000000
21.5518300000000000,0.0527287100000000
21.5998700000000000,0.0554306100000000
21.6480000000000000,0.0541643800000000
21.6958300000000000,0.0467170000000000
21.7438300000000000,0.0369219900000000
21.7919000000000000,0.0238935500000000
21.8399700000000000,0.0088155050000000
21.8879700000000000,-0.0065987240000000
21.9519300000000000,-0.0220520900000000
21.9998700000000000,-0.0358957100000000
22.0479700000000000,-0.0486318000000000
22.0960700000000000,-0.0550461100000000
22.1439000000000000,-0.0581233900000000
22.1919000000000000,-0.0579942700000000
22.2399300000000000,-0.0529723500000000
22.3040700000000000,-0.0468647200000000
22.3519700000000000,-0.0347672000000000
22.3998300000000000,-0.0194638200000000
22.4478300000000000,-0.0032741350000000
22.4959700000000000,0.0126455400000000
22.5439700000000000,0.0274601400000000
22.5919700000000000,0.0366120900000000
22.6398300000000000,0.0454562600000000
22.7040000000000000,0.0528186500000000
22.7520300000000000,0.0533376800000000
22.7998300000000000,0.0499159800000000
22.8479300000000000,0.0409682000000000
22.8959300000000000,0.0310278400000000
22.9439300000000000,0.0170285700000000
22.9919300000000000,0.0017114050000000
23.0559700000000000,-0.0135278200000000
23.1039000000000000,-0.0277603700000000
23.1519300000000000,-0.0418588900000000
23.1998700000000000,-0.0510267000000000
23.2479300000000000,-0.0549200000000000
23.2959700000000000,-0.0567412300000000
23.3439700000000000,-0.0552167200000000
23.3919700000000000,-0.0496163900000000
23.4558700000000000,-0.0408847100000000
23.5039700000000000,-0.0252880000000000
23.5519300000000000,-0.0118405500000000
23.5998300000000000,0.0033307560000000
23.6478700000000000,0.0187392200000000
23.6959000000000000,0.0311815100000000
23.7439000000000000,0.0402856700000000
23.7920000000000000,0.0497882200000000
23.8559700000000000,0.0529800500000000
23.9040000000000000,0.0521435500000000
23.9519000000000000,0.0464186000000000
23.9998700000000000,0.0371975300000000
24.0479000000000000,0.0249764000000000
24.0959000000000000,0.0109263300000000
24.1439700000000000,-0.0043785680000000
24.2079300000000000,-0.0192256200000000
24.2559700000000000,-0.0322027600000000
24.3039700000000000,-0.0421158300000000
24.3518700000000000,-0.0520785800000000
24.3998700000000000,-0.0557267000000000
24.4479700000000000,-0.0557447300000000
24.4959700000000000,-0.0518657800000000
24.5439700000000000,-0.0414981800000000
24.6079300000000000,-0.0315533800000000
24.6559700000000000,-0.0196626400000000
24.7040000000000000,-0.0047835060000000
24.7519000000000000,0.0101867800000000
24.7998700000000000,0.0251121400000000
24.8479000000000000,0.0368904800000000
24.8959700000000000,0.0467106600000000
24.9600000000000000,0.0510723500000000
25.0079700000000000,0.0517762900000000
25.0559300000000000,0.0490125300000000
25.1040000000000000,0.0416059400000000
25.1520000000000000,0.0313937300000000
25.1999300000000000,0.0182553800000000
25.2478700000000000,0.0035885590000000
25.2958700000000000,-0.0112545000000000
25.3598700000000000,-0.0253825000000000
25.4079000000000000,-0.0386521800000000
25.4558300000000000,-0.0486992000000000
25.5039300000000000,-0.0530807100000000
25.5518700000000000,-0.0552302400000000
25.5998700000000000,-0.0539601000000000
25.6478300000000000,-0.0490784100000000
25.6958700000000000,-0.0400535300000000
25.7599300000000000,-0.0264916200000000
25.8078700000000000,-0.0125892200000000
25.8559300000000000,0.0018647410000000
25.9038700000000000,0.0167987900000000
25.9519300000000000,0.0278177100000000
25.9998300000000000,0.0381265900000000
26.0478700000000000,0.0474258500000000
26.1120000000000000,0.0506294000000000
26.1600000000000000,0.0501889900000000
26.2079000000000000,0.0434958600000000
26.2559000000000000,0.0367364500000000
26.3040000000000000,0.0248146700000000
26.3518700000000000,0.0111755500000000
26.3998700000000000,-0.0030577520000000
26.4478700000000000,-0.0178042500000000
26.5120000000000000,-0.0302210700000000
26.5600000000000000,-0.0418406900000000
26.6080000000000000,-0.0475155300000000
26.6558700000000000,-0.0533532900000000
26.7039300000000000,-0.0535905000000000
26.7519300000000000,-0.0507730900000000
26.7998300000000000,-0.0446198100000000
26.8639700000000000,-0.0347772000000000
26.9120700000000000,-0.0205415000000000
26.9600700000000000,-0.0061635790000000
27.0079700000000000,0.0082261830000000
27.0558300000000000,0.0213836700000000
27.1038700000000000,0.0320214000000000
27.1518700000000000,0.0407658800000000
27.1998700000000000,0.0484373800000000
27.2639300000000000,0.0496757200000000
27.3119300000000000,0.0472585100000000
27.3599300000000000,0.0407016400000000
27.4079300000000000,0.0312035400000000
27.4559300000000000,0.0185719300000000
27.5039700000000000,0.0048156280000000
27.5518700000000000,-0.0095114690000000
27.5998300000000000,-0.0227886300000000
27.6640000000000000,-0.0343972400000000
27.7118700000000000,-0.0431740700000000
27.7599000000000000,-0.0496499300000000
27.8079000000000000,-0.0527804600000000
27.8559300000000000,-0.0519872500000000
27.9039700000000000,-0.0469721200000000
27.9519300000000000,-0.0399222600000000
28.0159700000000000,-0.0284838800000000
28.0639000000000000,-0.0127858200000000
28.1119300000000000,0.0010570050000000
28.1599700000000000,0.0149262900000000
28.2079000000000000,0.0279001500000000
28.2558700000000000,0.0383911700000000
28.3039700000000000,0.0452008600000000
28.3519700000000000,0.0485427700000000
28.4158700000000000,0.0483264800000000
28.4638700000000000,0.0445109600000000
28.5120300000000000,0.0359853900000000
28.5599700000000000,0.0259151300000000
28.6078700000000000,0.0128656500000000
28.6558300000000000,-0.0018701230000000
28.7039300000000000,-0.0150487200000000
28.7519000000000000,-0.0273711700000000
28.8159000000000000,-0.0372849700000000
28.8639700000000000,-0.0441579100000000
28.9120000000000000,-0.0514076900000000
28.9599300000000000,-0.0518338900000000
29.0078300000000000,-0.0499629800000000
29.0558700000000000,-0.0438507700000000
29.1039300000000000,-0.0347479600000000
29.1679000000000000,-0.0223227000000000
29.2158000000000000,-0.0068482830000000
29.2640000000000000,0.0071220660000000
29.3121000000000000,0.0205913700000000
29.3600000000000000,0.0328244100000000
29.4078700000000000,0.0420508000000000
29.4558300000000000,0.0464109700000000
29.5039000000000000,0.0483576500000000
29.5679000000000000,0.0464010500000000
29.6160300000000000,0.0405996800000000
29.6639000000000000,0.0311848900000000
29.7118300000000000,0.0197556900000000
29.7599300000000000,0.0065239160000000
29.8079000000000000,-0.0075104840000000
29.8558300000000000,-0.0205366200000000
29.9198000000000000,-0.0318774700000000
29.9678300000000000,-0.0405135900000000
30.0159000000000000,-0.0489724400000000
30.0640000000000000,-0.0512758000000000
30.1120000000000000,-0.0509235000000000
30.1598700000000000,-0.0477895300000000
30.2078000000000000,-0.0402876800000000
30.2558300000000000,-0.0294890400000000
30.3199700000000000,-0.0160569200000000
30.3678700000000000,-0.0021585840000000
30.4158300000000000,0.0105777500000000
30.4640000000000000,0.0233776200000000
30.5119000000000000,0.0328444100000000
30.5599000000000000,0.0410340100000000
30.6078700000000000,0.0462848000000000
30.6558000000000000,0.0461416900000000
30.7199000000000000,0.0423350400000000
30.7678700000000000,0.0349976600000000
30.8158700000000000,0.0251457800000000
30.8639300000000000,0.0133088000000000
30.9119300000000000,-0.0004863805000000
30.9599000000000000,-0.0139061100000000
31.0078700000000000,-0.0264246800000000
31.0719000000000000,-0.0369743500000000
31.1199000000000000,-0.0435487200000000
31.1679300000000000,-0.0492020800000000
31.2160300000000000,-0.0501409100000000
31.2640000000000000,-0.0485140800000000
31.3119000000000000,-0.0430967700000000
31.3599000000000000,-0.0346186900000000
31.4078300000000000,-0.0234396700000000
31.4719000000000000,-0.0096753930000000
31.5199000000000000,0.0028667650000000
31.5678300000000000,0.0148496800000000
31.6159700000000000,0.0265956000000000
31.6639700000000000,0.0357978000000000
31.7119300000000000,0.0430723300000000
31.7599000000000000,0.0458269100000000
31.8240300000000000,0.0447287600000000
31.8719700000000000,0.0389539500000000
31.9198300000000000,0.0310870800000000
31.9679000000000000,0.0199648200000000
32.0158000000000000,0.0073085420000000
32.0638700000000000,-0.0054619110000000
32.1118000000000000,-0.0182406600000000
32.1599000000000000,-0.0284131900000000
32.2238700000000000,-0.0366317000000000
32.2719000000000000,-0.0464203100000000
32.3198700000000000,-0.0488060100000000
32.3678300000000000,-0.0487514800000000
32.4158700000000000,-0.0439141900000000
32.4638000000000000,-0.0377396100000000
32.5118700000000000,-0.0247459400000000
32.5598000000000000,-0.0136190100000000
32.6239000000000000,-0.0011869160000000
32.6719700000000000,0.0111366200000000
32.7198700000000000,0.0236004000000000
32.7679000000000000,0.0336009900000000
32.8158700000000000,0.0408404700000000
32.8639700000000000,0.0445977200000000
32.9118300000000000,0.0446468700000000
32.9758300000000000,0.0420916900000000
33.0240300000000000,0.0347484300000000
33.0719700000000000,0.0264766700000000
33.1199300000000000,0.0146202900000000
33.1679000000000000,0.0022934250000000
33.2158700000000000,-0.0109210800000000
33.2639000000000000,-0.0223119100000000
33.3119300000000000,-0.0324848400000000
33.3758000000000000,-0.0384835400000000
33.4240000000000000,-0.0464574100000000
33.4719300000000000,-0.0479029000000000
33.5201300000000000,-0.0461881400000000
33.5679000000000000,-0.0409995400000000
33.6158000000000000,-0.0335777000000000
33.6639000000000000,-0.0227772700000000
33.7278700000000000,-0.0102324500000000
33.7758000000000000,0.0023436290000000
33.8238700000000000,0.0147653600000000
33.8720000000000000,0.0262735600000000
33.9199000000000000,0.0341578200000000
33.9678000000000000,0.0410249200000000
34.0158000000000000,0.0434930300000000
34.0639000000000000,0.0430411200000000
34.1278700000000000,0.0373929400000000
34.1758300000000000,0.0298441800000000
34.2239700000000000,0.0200434300000000
34.2720000000000000,0.0086502440000000
34.3199000000000000,-0.0042053560000000
34.3679000000000000,-0.0164343600000000
34.4158000000000000,-0.0270553300000000
34.4639000000000000,-0.0361287800000000
34.5279000000000000,-0.0432076800000000
34.5758000000000000,-0.0463181300000000
34.6239700000000000,-0.0465055600000000
34.6719300000000000,-0.0421705000000000
34.7199700000000000,-0.0375487300000000
34.7678700000000000,-0.0283154900000000
34.8158000000000000,-0.0172185900000000
34.8799000000000000,-0.0051722270000000
34.9278300000000000,0.0070676010000000
34.9758300000000000,0.0185462400000000
35.0238300000000000,0.0286752800000000
35.0718000000000000,0.0362447600000000
35.1199300000000000,0.0417274000000000
35.1678300000000000,0.0422551300000000
35.2158300000000000,0.0398017100000000
35.2799000000000000,0.0337016400000000
35.3279300000000000,0.0248100500000000
35.3759700000000000,0.0145409200000000
35.4239300000000000,0.0022543180000000
35.4720000000000000,-0.0097552660000000
35.5198300000000000,-0.0215500700000000
35.5679000000000000,-0.0317183200000000
35.6158000000000000,-0.0379240600000000
35.6799000000000000,-0.0432883400000000
35.7278300000000000,-0.0447424200000000
35.7758300000000000,-0.0437262800000000
35.8239700000000000,-0.0385815300000000
35.8718000000000000,-0.0321239700000000
35.9199000000000000,-0.0228983200000000
35.9679000000000000,-0.0112948700000000
36.0319700000000000,0.0005005129000000
36.0798300000000000,0.0114577400000000
36.1279000000000000,0.0220097100000000
36.1759300000000000,0.0302058700000000
36.2240700000000000,0.0358778300000000
36.2718700000000000,0.0404524100000000
36.3199300000000000,0.0400768100000000
36.3679700000000000,0.0344560700000000
36.4319700000000000,0.0274798800000000
36.4798700000000000,0.0185478000000000
36.5278300000000000,0.0078553510000000
36.5758700000000000,-0.0043610210000000
36.6238300000000000,-0.0156075500000000
36.6718300000000000,-0.0266055900000000
36.7199000000000000,-0.0350637700000000
36.7838300000000000,-0.0408254300000000
36.8319000000000000,-0.0435713600000000
36.8798300000000000,-0.0438227100000000
36.9278000000000000,-0.0413913100000000
36.9759000000000000,-0.0354622500000000
37.0239700000000000,-0.0285380300000000
37.0720000000000000,-0.0181505600000000
37.1199300000000000,-0.0063647750000000
37.1837700000000000,0.0048552700000000
37.2317300000000000,0.0156162300000000
37.2799000000000000,0.0248280600000000
37.3278700000000000,0.0326216100000000
37.3757700000000000,0.0380868900000000
37.4239000000000000,0.0389000700000000
37.4718300000000000,0.0369485300000000
37.5199000000000000,0.0309391400000000
37.5838300000000000,0.0233246800000000
37.6319700000000000,0.0132468800000000
37.6798700000000000,0.0020067270000000
37.7278700000000000,-0.0098355590000000
37.7758700000000000,-0.0201353500000000
37.8238700000000000,-0.0291058900000000
37.8718000000000000,-0.0359391600000000
37.9358700000000000,-0.0403588500000000
37.9837300000000000,-0.0422486000000000
38.0319700000000000,-0.0414982500000000
38.0798700000000000,-0.0369880300000000
38.1278700000000000,-0.0313697500000000
38.1758300000000000,-0.0225382700000000
38.2241000000000000,-0.0118698700000000
38.2718000000000000,-0.0006231611000000
38.3357700000000000,0.0098502930000000
38.3838300000000000,0.0193955100000000
38.4319700000000000,0.0276313600000000
38.4799000000000000,0.0352742600000000
38.5279000000000000,0.0382969500000000
38.5758000000000000,0.0379475400000000
38.6240700000000000,0.0337338300000000
38.6879000000000000,0.0274860800000000
38.7358000000000000,0.0190326700000000
38.7838000000000000,0.0091404310000000
38.8318700000000000,-0.0024924370000000
38.8800000000000000,-0.0132749700000000
38.9279000000000000,-0.0237651400000000
38.9758000000000000,-0.0328698600000000
39.0239300000000000,-0.0383160900000000
39.0879300000000000,-0.0413557700000000
39.1358300000000000,-0.0416798400000000
39.1838000000000000,-0.0396476200000000
39.2320000000000000,-0.0340868000000000
39.2799000000000000,-0.0270765400000000
39.3278000000000000,-0.0173442400000000
39.3758300000000000,-0.0062409540000000
39.4241000000000000,0.0045409650000000
39.4879300000000000,0.0145770000000000
39.5358300000000000,0.0234892000000000
39.5838300000000000,0.0321391600000000
39.6319300000000000,0.0369510300000000
39.6799000000000000,0.0377660500000000
39.7279000000000000,0.0359894600000000
39.7758700000000000,0.0305291000000000
39.8400000000000000,0.0237800900000000
39.8879700000000000,0.0141953900000000
39.9358300000000000,0.0040648610000000
39.9837700000000000,-0.0074596700000000
40.0320000000000000,-0.0178113600000000
40.0799700000000000,-0.0276855200000000
40.1279000000000000,-0.0340358200000000
40.1758300000000000,-0.0390919500000000
40.2398700000000000,-0.0413946500000000
40.2879000000000000,-0.0408654600000000
40.3357700000000000,-0.0368643000000000
40.3838300000000000,-0.0304765500000000
40.4319700000000000,-0.0228395400000000
40.4798000000000000,-0.0126356600000000
40.5278300000000000,-0.0017154280000000
40.5917700000000000,0.0091997100000000
40.6398300000000000,0.0193734300000000
40.6879300000000000,0.0271344000000000
40.7358300000000000,0.0341579200000000
40.7838700000000000,0.0373820700000000
40.8319000000000000,0.0372638300000000
40.8798000000000000,0.0327546600000000
40.9278300000000000,0.0270006900000000
40.9919300000000000,0.0180067800000000
41.0398700000000000,0.0084449640000000
41.0879300000000000,-0.0021665360000000
41.1359000000000000,-0.0130549000000000
41.1839000000000000,-0.0232297400000000
41.2318700000000000,-0.0299403900000000
41.2798700000000000,-0.0365749500000000
41.3279300000000000,-0.0398905700000000
41.3919700000000000,-0.0400223500000000
41.4399700000000000,-0.0384879800000000
41.4879300000000000,-0.0333464900000000
41.5358700000000000,-0.0273772900000000
41.5839000000000000,-0.0182924300000000
41.6318700000000000,-0.0067776100000000
41.6800000000000000,0.0035649010000000
41.7439300000000000,0.0136433400000000
41.7917700000000000,0.0221581600000000
41.8400000000000000,0.0302751500000000
41.8878700000000000,0.0347047300000000
41.9358300000000000,0.0358793900000000
41.9838700000000000,0.0347697200000000
42.0319300000000000,0.0295094700000000
42.0799300000000000,0.0226277000000000
42.1439700000000000,0.0135308500000000
42.1919300000000000,0.0036818370000000
42.2399000000000000,-0.0075825440000000
42.2879300000000000,-0.0175467300000000
42.3358000000000000,-0.0259075100000000
42.3838700000000000,-0.0339403500000000
42.4318700000000000,-0.0379953100000000
42.4797700000000000,-0.0400798800000000
42.5439300000000000,-0.0393827600000000
42.5918700000000000,-0.0358805300000000
42.6398700000000000,-0.0296387000000000
42.6878300000000000,-0.0221257800000000
42.7358000000000000,-0.0124748100000000
42.7838000000000000,-0.0014906090000000
42.8318300000000000,0.0085885290000000
42.8957700000000000,0.0179870100000000
42.9437700000000000,0.0255142100000000
42.9919300000000000,0.0322416300000000
43.0399700000000000,0.0356177100000000
43.0879700000000000,0.0357356200000000
43.1358000000000000,0.0328653200000000
43.1838000000000000,0.0266045600000000
43.2319000000000000,0.0189122000000000
43.2958000000000000,0.0101954700000000
43.3439700000000000,-0.0008394688000000
43.3918700000000000,-0.0115384100000000
43.4398000000000000,-0.0210404400000000
43.4878700000000000,-0.0295920800000000
43.5358000000000000,-0.0355894300000000
43.5838300000000000,-0.0384221800000000
43.6479000000000000,-0.0391532700000000
43.6958000000000000,-0.0373784300000000
43.7438000000000000,-0.0327504700000000
43.7919300000000000,-0.0261494400000000
43.8398700000000000,-0.0175455000000000
43.8878000000000000,-0.0075357460000000
43.9358000000000000,0.0023834710000000
43.9839000000000000,0.0131545900000000
44.0479300000000000,0.0213107400000000
44.0957700000000000,0.0294471600000000
44.1439000000000000,0.0340750400000000
44.1918700000000000,0.0355721600000000
44.2398000000000000,0.0345603400000000
44.2878000000000000,0.0299615600000000
44.3358300000000000,0.0230937400000000
44.3838300000000000,0.0146746000000000
44.4479000000000000,0.0055142590000000
44.4958300000000000,-0.0056430810000000
44.5439300000000000,-0.0147707000000000
44.5919000000000000,-0.0238776000000000
44.6399000000000000,-0.0310943700000000
44.6879000000000000,-0.0365930600000000
44.7359000000000000,-0.0389234800000000
44.7998000000000000,-0.0387142400000000
44.8478300000000000,-0.0357047200000000
44.8959300000000000,-0.0303612500000000
44.9439700000000000,-0.0230917600000000
44.9919300000000000,-0.0132447900000000
45.0398700000000000,-0.0031864300000000
45.0878700000000000,0.0061804240000000
45.1358000000000000,0.0154555000000000
45.1997700000000000,0.0227590000000000
45.2478700000000000,0.0279748100000000
45.2957700000000000,0.0331160800000000
45.3439000000000000,0.0334763900000000
45.3919300000000000,0.0308410700000000
45.4398700000000000,0.0248409600000000
45.4878300000000000,0.0176156800000000
45.5518300000000000,0.0091769480000000
45.5998000000000000,-0.0004325226000000
45.6478700000000000,-0.0101765800000000
45.6958000000000000,-0.0199094900000000
45.7438700000000000,-0.0270606800000000
45.7918700000000000,-0.0325499600000000
45.8397700000000000,-0.0357722600000000
45.8878000000000000,-0.0365278200000000
45.9518300000000000,-0.0360061900000000
45.9997300000000000,-0.0320599000000000
46.0479000000000000,-0.0260835100000000
46.0957700000000000,-0.0183073300000000
46.1438000000000000,-0.0091350480000000
46.1918000000000000,-0.0000525667800000
46.2398300000000000,0.0095932970000000
46.2877700000000000,0.0180840700000000
46.3518700000000000,0.0246870300000000
46.3997700000000000,0.0298992400000000
46.4479300000000000,0.0324921900000000
46.4958000000000000,0.0320644100000000
46.5440300000000000,0.0276838500000000
46.5919700000000000,0.0218554100000000
46.6399000000000000,0.0145711200000000
46.7039000000000000,0.0052032750000000
46.7517700000000000,-0.0040649590000000
46.7997700000000000,-0.0136622500000000
46.8478300000000000,-0.0216366700000000
46.8958300000000000,-0.0282385100000000
46.9439300000000000,-0.0327987100000000
46.9918700000000000,-0.0351676300000000
47.0398000000000000,-0.0350175600000000
47.1039300000000000,-0.0327724800000000
47.1519300000000000,-0.0277288200000000
47.1998000000000000,-0.0214865500000000
47.2479300000000000,-0.0133293900000000
47.2957700000000000,-0.0041199990000000
47.3438700000000000,0.0060720770000000
47.3918700000000000,0.0142040500000000
47.4398700000000000,0.0221350200000000
47.5039000000000000,0.0278634800000000
47.5519000000000000,0.0314025300000000
47.5997700000000000,0.0317965900000000
47.6479000000000000,0.0306362600000000
47.6957700000000000,0.0254412900000000
47.7438700000000000,0.0183348900000000
47.7918700000000000,0.0108196600000000
47.8557700000000000,0.0012966220000000
47.9038300000000000,-0.0081843810000000
47.9519300000000000,-0.0166322400000000
47.9997700000000000,-0.0250095600000000
48.0478700000000000,-0.0306175600000000
48.0958000000000000,-0.0339611300000000
48.1439700000000000,-0.0349105200000000
48.1919000000000000,-0.0341540400000000
48.2558700000000000,-0.0299692000000000
48.3039300000000000,-0.0248861000000000
48.3519300000000000,-0.0175827400000000
48.3998000000000000,-0.0087734190000000
48.4478000000000000,0.0003147291000000
48.4958000000000000,0.0092002510000000
48.5438000000000000,0.0175286900000000
48.6078300000000000,0.0247232000000000
48.6557700000000000,0.0294305500000000
48.7038000000000000,0.0314370500000000
48.7518300000000000,0.0309978500000000
48.7997300000000000,0.0275395000000000
48.8478300000000000,0.0220770600000000
48.8958000000000000,0.0145353200000000
48.9438700000000000,0.0064881230000000
49.0078700000000000,-0.0029344330000000
49.0557300000000000,-0.0119841300000000
49.1038000000000000,-0.0208474800000000
49.1518000000000000,-0.0279883900000000
49.1998700000000000,-0.0321373900000000
49.2477700000000000,-0.0350358100000000
49.2958300000000000,-0.0349923400000000
49.3438300000000000,-0.0326515300000000
49.4078300000000000,-0.0274794600000000
49.4557700000000000,-0.0215404200000000
49.5038700000000000,-0.0133901000000000
49.5519000000000000,-0.0026485330000000
49.5998300000000000,0.0047316660000000
49.6478700000000000,0.0132450700000000
49.6957700000000000,0.0213700600000000
49.7599300000000000,0.0275828700000000
49.8077700000000000,0.0305450000000000
49.8557300000000000,0.0307860900000000
49.9039300000000000,0.0291432000000000
49.9519300000000000,0.0239547900000000
49.9997700000000000,0.0175651300000000
50.0477700000000000,0.0095985290000000
50.0958300000000000,0.0007604121000000
50.1598700000000000,-0.0089268110000000
50.2078700000000000,-0.0169032700000000
50.2557700000000000,-0.0242814500000000
50.3038300000000000,-0.0295761000000000
50.3519300000000000,-0.0328655900000000
50.3997300000000000,-0.0334828400000000
50.4477700000000000,-0.0328825900000000
50.5119300000000000,-0.0292682700000000
50.5598700000000000,-0.0236745000000000
50.6078000000000000,-0.0164849300000000
50.6557300000000000,-0.0081380910000000
50.7037300000000000,0.0008577074000000
50.7517300000000000,0.0090813830000000
50.7997700000000000,0.0167306000000000
50.8478700000000000,0.0235561600000000
50.9119300000000000,0.0282126100000000
50.9599000000000000,0.0303312100000000
51.0079000000000000,0.0295268400000000
51.0558300000000000,0.0257178000000000